Rank;Team;Rating;Average_Rank;Average_Rating;1Year_Change_Rank;1Year_Change_Rating;Matches_Total;Matches_Home;Matches_Away;Matches_Neutral;Wins;Losses;Draws;Goals_For;Goals_Against
1;Spain;2165;7;1946;0;15;780;340;302;138;461;138;181;1591;697
2;Argentina;2113;5;1987;0;-28;1109;381;419;309;610;228;271;2112;1136
3;France;2081;16;1795;0;51;938;473;341;124;474;269;195;1706;1272
4;England;2020;4;1983;0;9;1160;509;524;127;683;215;262;2719;1118
5;Brazil;1988;4;1998;0;-5;1066;373;346;347;671;172;223;2300;956
6;Portugal;1984;19;1797;0;-4;694;320;262;112;346;189;159;1222;779
7;Colombia;1975;48;1621;2;24;648;184;229;235;265;205;178;842;741
8;Netherlands;1961;15;1848;0;-5;901;429;358;114;465;239;197;1892;1142
9;Ecuador;1935;64;1525;3;24;599;183;211;205;184;254;161;721;904
10;Croatia;1930;12;1881;2;19;398;156;167;75;209;83;106;694;401
11;Germany;1925;8;1911;-4;-62;1046;470;415;161;605;224;217;2356;1232
12;Norway;1917;38;1623;9;88;887;426;409;52;335;355;197;1376;1444
13;Japan;1906;62;1467;1;30;836;332;207;297;409;257;170;1518;985
14;Turkey;1905;42;1611;4;68;670;291;300;79;264;250;156;951;969
15;Switzerland;1894;27;1690;9;82;896;426;392;78;320;373;203;1339;1483
16;Uruguay;1892;12;1876;-6;-29;1019;336;432;251;446;321;252;1610;1254
17;Denmark;1869;20;1799;-2;8;903;413;396;94;419;298;186;1650;1220
18;Mexico;1868;20;1782;5;51;1029;297;273;459;534;258;237;1824;1055
19;Belgium;1867;24;1755;-3;23;876;415;375;86;390;302;184;1599;1359
20;Senegal;1866;56;1590;10;107;705;221;260;224;319;193;193;969;672
21;Italy;1856;8;1915;-10;-58;901;407;323;171;479;177;245;1579;894
22;Paraguay;1833;23;1755;5;33;788;214;365;209;276;303;209;1002;1115
23;Austria;1830;20;1810;-5;-7;866;432;383;51;371;310;185;1561;1321
24;Morocco;1822;43;1657;2;16;728;318;219;191;364;165;199;1103;614
25;Ukraine;1785;31;1745;0;-24;339;134;145;60;154;90;95;477;356
26;Canada;1784;49;1599;3;6;488;152;200;136;189;185;114;626;623
27;Australia;1775;35;1672;9;38;636;271;223;142;326;180;130;1289;715
28;Scotland;1770;14;1879;6;28;868;403;413;52;412;268;188;1499;1076
29;Nigeria;1769;38;1668;37;200;715;241;262;212;332;179;204;1078;721
30;Russia;1766;24;1742;-2;-25;813;311;383;119;430;174;209;1476;779
31;Iran;1764;40;1658;-11;-66;669;223;195;251;383;132;154;1273;525
32;South Korea;1756;35;1687;0;10;1051;353;255;443;572;221;258;1912;964
33;Greece;1752;49;1559;-12;-77;656;298;295;63;251;249;156;833;906
34;Algeria;1743;48;1621;11;35;688;261;233;194;309;196;183;1052;703
35;Serbia;1742;20;1787;-18;-101;861;302;423;136;403;266;192;1617;1176
36;Czechia;1733;13;1855;-5;-22;883;361;416;106;425;261;197;1626;1098
36;United States;1733;41;1642;5;11;826;488;253;85;367;286;173;1249;1075
36;Panama;1733;99;1362;4;10;592;200;228;164;196;252;144;738;912
39;Uzbekistan;1727;60;1596;8;30;365;130;128;107;180;110;75;635;398
39;Venezuela;1727;84;1432;-5;-15;481;179;179;123;129;245;107;521;872
41;Sweden;1714;17;1795;-4;-22;1119;489;500;130;549;336;234;2227;1485
41;Kosovo;1714;102;1420;18;115;108;48;40;20;42;43;23;153;147
43;Poland;1711;30;1712;3;7;920;396;410;114;400;296;224;1562;1241
44;Chile;1710;28;1678;-3;-12;852;328;307;217;318;346;188;1194;1216
45;Hungary;1703;20;1835;-1;-12;1033;467;492;74;487;324;222;2069;1525
46;Egypt;1699;37;1662;4;33;884;354;281;249;447;216;221;1545;921
47;Wales;1698;22;1671;-10;-38;733;345;356;32;236;331;166;917;1173
48;Peru;1695;34;1679;-9;-29;708;266;253;189;228;304;176;857;987
49;Slovenia;1694;54;1625;-16;-50;319;144;145;30;116;117;86;399;378
49;Ireland;1694;24;1626;4;60;742;378;304;60;262;287;193;978;1160
51;Jordan;1685;111;1322;4;66;583;201;192;190;206;219;158;728;714
52;Ivory Coast;1676;45;1640;11;85;692;241;237;214;348;166;178;1130;695
53;Slovakia;1674;40;1681;-4;-10;367;157;166;44;150;131;86;519;458
54;DR Congo;1655;62;1557;14;89;547;166;225;156;226;171;150;835;641
55;Georgia;1653;70;1553;-12;-63;319;139;148;32;106;146;67;412;443
56;Albania;1646;73;1504;-2;13;408;190;185;33;116;207;85;396;602
57;Bolivia;1645;60;1509;-5;-6;536;189;205;142;122;293;121;551;1052
58;Israel;1634;49;1621;3;38;523;249;212;62;196;207;120;803;764
59;Tunisia;1633;47;1616;-1;22;776;337;252;187;330;230;216;1105;840
60;Romania;1627;29;1717;-12;-58;800;332;376;92;354;247;199;1303;1018
61;Costa Rica;1614;36;1690;-10;-39;789;259;281;249;356;242;191;1368;916
61;Cameroon;1614;53;1605;3;26;661;184;247;230;287;172;202;952;712
63;Iraq;1608;47;1622;12;69;760;139;231;390;360;189;211;1203;707
64;Northern Ireland;1601;40;1655;6;44;610;276;297;37;171;289;150;643;925
65;Mali;1596;70;1523;-8;-16;624;195;234;195;249;205;170;824;716
66;Bosnia and Herzegovina;1591;53;1626;13;65;280;118;136;26;104;111;65;393;385
67;North Macedonia;1589;74;1534;-11;-24;305;141;134;30;95;131;79;364;411
68;New Zealand;1585;66;1499;-6;-10;439;135;189;115;181;179;79;767;645
69;Cape Verde;1576;120;1302;11;76;252;80;91;81;95;97;60;270;278
70;Honduras;1571;63;1500;-1;11;667;212;217;238;263;231;173;964;857
71;Iceland;1569;81;1425;6;38;526;216;251;59;160;262;104;635;882
72;Saudi Arabia;1566;76;1501;-7;-10;836;322;151;363;396;246;194;1282;894
73;Angola;1543;86;1456;3;8;473;166;184;123;175;140;158;575;489
74;Finland;1540;62;1500;0;0;824;337;429;58;217;440;167;971;1697
74;United Arab Emirates;1540;98;1396;-2;-1;674;287;141;246;263;238;173;933;831